Green,7,Green@www.nba.com,
Anderson,16,Anderson@www.nba.com,
Aldridge,27,Aldridge@www.nba.com,
Mills,7,Mills@www.nba.com,
Murray,9,Murray@www.nba.com,
Ginobili,7,Ginobili@www.nba.com,
Gasol,8,Gasol@www.nba.com,
Parker,2,Parker@www.nba.com,
Gay,10,Gay@www.nba.com,
Bertans,3,Bertans@www.nba.com,
Forbes,2,Forbes@www.nba.com,
Lauvergne,0,Lauvergne@www.nba.com,
Paul,0,Paul@www.nba.com,
